Row Key	Parent Key	Catalog Key	Item Type	Flow Scope	VGM	Delivery Instruction	Delivery Rule	Fallback Order	Status	Title	Description	Difficulty	Duration
1		ordinary-manuals	instruction manual	all	Freeline	Summarise the manual in two sentences, then offer the full text.	one at a time	text	active	Opening a Jar That Has Decided Otherwise	The jar is not stuck. The jar has taken a position. This manual covers negotiation, leverage, and the warm-water concession.	Beginner	4 min
2		ordinary-manuals	instruction manual	all	Guest	Summarise the manual in two sentences, then offer the full text.	one at a time	text	active	Emergency Procedures for a Jammed Zipper	Covers the graphite pencil method, the soap method, and the moment you accept the coat is now a pullover.	Beginner	3 min
3		ordinary-manuals	instruction manual	all	Member	Summarise the manual in two sentences, then offer the full text.	one at a time	text	active	Locating the End of the Sticky Tape	A systematic search protocol. Includes the fingernail sweep and the light-angle technique.	Beginner	2 min
4		ordinary-manuals	instruction manual	all	Member	Summarise the manual in two sentences, then offer the full text.	one at a time	text	active	Folding a Fitted Sheet	The only honest manual on this subject. Step four is simply 'roll it into a ball and close the cupboard'.	Intermediate	7 min
5		ordinary-manuals	instruction manual	all	Member	Summarise the manual in two sentences, then offer the full text.	one at a time	text	active	Removing a Price Sticker Without Residue	Heat, oil, and patience, in that order. Do not use your thumbnail. You will use your thumbnail.	Beginner	5 min
6		ordinary-manuals	instruction manual	all	Member	Summarise the manual in two sentences, then offer the full text.	one at a time	text	active	Assembling Furniture With One Screw Left Over	Diagnostic flowchart for determining whether the extra screw was structural.	Intermediate	12 min
7		ordinary-manuals	instruction manual	all	Member	Summarise the manual in two sentences, then offer the full text.	one at a time	text	active	Untangling Headphone Cables	Includes the loop-and-pull method and a section on why they do this in your pocket.	Beginner	6 min
8		ordinary-manuals	instruction manual	all	Member	Summarise the manual in two sentences, then offer the full text.	one at a time	text	active	Getting a Fitted Bin Bag Into a Bin	Covers the air-pocket problem and the corner-tuck sequence.	Beginner	3 min
9		ordinary-manuals	instruction manual	all	Member	Summarise the manual in two sentences, then offer the full text.	one at a time	text	active	Reaching the Last Olive in the Jar	Fork techniques, tilt angles, and the brine-drain method of last resort.	Beginner	4 min
10		ordinary-manuals	instruction manual	all	Member	Summarise the manual in two sentences, then offer the full text.	one at a time	text	active	Opening a Vacuum-Sealed Package Without Scissors	Teeth are a last resort. This manual explains the five options that come first.	Beginner	4 min
11		ordinary-manuals	instruction manual	all	Freeline	Summarise the manual in two sentences, then offer the full text.	one at a time	text	active	Silencing a Smoke Alarm at 3 AM	Battery location, the chirp-interval diagnostic, and why it only happens at night.	Intermediate	8 min
12		ordinary-manuals	instruction manual	all	Guest	Summarise the manual in two sentences, then offer the full text.	one at a time	text	active	Parallel Parking Without an Audience	Reference-point method. Includes the mirror sequence and when to abandon the space.	Intermediate	10 min
13		ordinary-manuals	instruction manual	all	Member	Summarise the manual in two sentences, then offer the full text.	one at a time	text	active	Refolding a Road Map	Original crease identification. Accepts that you will not succeed.	Advanced	15 min
14		ordinary-manuals	instruction manual	all	Member	Summarise the manual in two sentences, then offer the full text.	one at a time	text	active	Making a Fitted Sheet Stay on the Mattress	Corner tension, strap options, and the physics of why it migrates.	Intermediate	9 min
15		ordinary-manuals	instruction manual	all	Member	Summarise the manual in two sentences, then offer the full text.	one at a time	text	active	Removing a Splinter You Cannot See	Lighting, magnification, and the tape method for the truly invisible.	Intermediate	7 min
16		ordinary-manuals	instruction manual	all	Member	Summarise the manual in two sentences, then offer the full text.	one at a time	text	active	Getting the Last of the Toothpaste Out	Rolling, scissors, and the warm-water rinse for the final application.	Beginner	3 min
17		ordinary-manuals	instruction manual	all	Member	Summarise the manual in two sentences, then offer the full text.	one at a time	text	active	Identifying Which Key Opens Which Lock	Labelling systems, tactile marking, and the process-of-elimination protocol.	Beginner	5 min
18		ordinary-manuals	instruction manual	all	Member	Summarise the manual in two sentences, then offer the full text.	one at a time	text	active	Carrying All the Shopping in One Trip	Load distribution, handle stacking, and the forearm hook. Injury risk: moderate.	Intermediate	6 min
19		ordinary-manuals	instruction manual	all	Member	Summarise the manual in two sentences, then offer the full text.	one at a time	text	active	Opening a Bag of Crisps Quietly	Slow-tension method for cinemas and libraries. Success rate is honestly reported.	Intermediate	4 min
20		ordinary-manuals	instruction manual	all	Member	Summarise the manual in two sentences, then offer the full text.	one at a time	text	active	Retrieving a Sock From Behind the Washing Machine	Reach assessment, tool improvisation, and when to simply buy new socks.	Intermediate	11 min
21		ordinary-manuals	instruction manual	all	Freeline	Summarise the manual in two sentences, then offer the full text.	one at a time	text	active	Explaining a Board Game Rule You Half Remember	Confidence maintenance while consulting the rulebook covertly.	Advanced	8 min
22		ordinary-manuals	instruction manual	all	Guest	Summarise the manual in two sentences, then offer the full text.	one at a time	text	active	Getting Cling Film to Cling	Static generation, bowl-rim technique, and the roll-cutter alignment problem.	Intermediate	5 min
23		ordinary-manuals	instruction manual	all	Member	Summarise the manual in two sentences, then offer the full text.	one at a time	text	active	Turning a Duvet Cover the Right Way Out	The Australian roll method, explained in full, with diagrams described in text.	Intermediate	9 min
24		ordinary-manuals	instruction manual	all	Member	Summarise the manual in two sentences, then offer the full text.	one at a time	text	active	Waking Up Before the Alarm and Deciding What to Do	Decision matrix for the seven-minutes-remaining scenario.	Beginner	4 min
25		ordinary-manuals	instruction manual	all	Member	Summarise the manual in two sentences, then offer the full text.	one at a time	text	active	Removing a Stripped Screw	Rubber-band method, extractor bits, and the point at which you drill.	Advanced	14 min
26		ordinary-manuals	instruction manual	all	Member	Summarise the manual in two sentences, then offer the full text.	one at a time	text	active	Choosing a Queue at the Supermarket	Trolley-volume assessment, cashier-speed heuristics, and the self-checkout gamble.	Intermediate	6 min
27		ordinary-manuals	instruction manual	all	Member	Summarise the manual in two sentences, then offer the full text.	one at a time	text	active	Getting a Cork Back Into a Bottle	Compression, angle, and the acknowledgement that it will never fully return.	Intermediate	5 min
28		ordinary-manuals	instruction manual	all	Member	Summarise the manual in two sentences, then offer the full text.	one at a time	text	active	Opening a Child-Proof Cap as an Adult	Alignment, downward force, and troubleshooting when the arrows do not help.	Intermediate	6 min
29		ordinary-manuals	instruction manual	all	Member	Summarise the manual in two sentences, then offer the full text.	one at a time	text	active	Finding Your Phone Using Your Phone	The paradox, and four methods that actually work.	Beginner	3 min
30		ordinary-manuals	instruction manual	all	Member	Summarise the manual in two sentences, then offer the full text.	one at a time	text	active	Hanging a Picture Level on the First Try	Measurement, marking, and the toothpaste-on-the-nail trick.	Intermediate	10 min
31		ordinary-manuals	instruction manual	all	Member	Summarise the manual in two sentences, then offer the full text.	one at a time	text	active	Reading the Instructions Only After It Breaks	A retrospective methodology. Chapter two is titled 'It Was On Page One'.	Beginner	5 min
32		ordinary-manuals	instruction manual	all	Member	Summarise the manual in two sentences, then offer the full text.	one at a time	text	active	Getting All the Ice Out of the Tray	Twist mechanics, temperature timing, and the one-cube-at-a-time failure mode.	Beginner	3 min
33		ordinary-manuals	instruction manual	all	Member	Summarise the manual in two sentences, then offer the full text.	one at a time	text	active	Ending a Phone Call Gracefully	Six exit phrases and their success rates. Includes the doorbell fabrication.	Intermediate	7 min
34		ordinary-manuals	instruction manual	all	Member	Summarise the manual in two sentences, then offer the full text.	one at a time	text	active	Keeping a Balloon Off the Ceiling	Static discharge, weight attachment, and helium decay timelines.	Beginner	4 min
35		ordinary-manuals	instruction manual	all	Freeline	Summarise the manual in two sentences, then offer the full text.	one at a time	text	active	Opening a Door While Holding Coffee	Elbow technique, hip method, and the cup-on-the-ledge risk assessment.	Beginner	4 min
36		ordinary-manuals	instruction manual	all	Guest	Summarise the manual in two sentences, then offer the full text.	one at a time	text	active	Reattaching a Bicycle Chain Without Ruining Your Hands	Glove alternatives, tension release, and post-task degreasing.	Intermediate	12 min
37		ordinary-manuals	instruction manual	all	Member	Summarise the manual in two sentences, then offer the full text.	one at a time	text	active	Finding the Beginning of a Roll of Cling Film	Torch angle, fingernail sweep, and the cut-and-restart admission of defeat.	Beginner	4 min
38		ordinary-manuals	instruction manual	all	Member	Summarise the manual in two sentences, then offer the full text.	one at a time	text	active	Getting the Duvet Back Into the Cover Alone	Solo method for the two-person job. Requires a bed and determination.	Advanced	13 min
39		ordinary-manuals	instruction manual	all	Member	Summarise the manual in two sentences, then offer the full text.	one at a time	text	active	Removing a Ring That Has Decided to Stay	Soap, cold water, elevation, and the dental-floss wrap.	Intermediate	9 min
40		ordinary-manuals	instruction manual	all	Member	Summarise the manual in two sentences, then offer the full text.	one at a time	text	active	Sitting Down With a Full Cup of Tea	Approach speed, surface tension management, and the final descent.	Beginner	3 min
41		ordinary-manuals	instruction manual	all	Member	Summarise the manual in two sentences, then offer the full text.	one at a time	text	active	Getting a Duvet, a Cat, and Yourself Into Bed	Sequencing problem. The cat is a fixed variable.	Advanced	11 min
42		ordinary-manuals	instruction manual	all	Member	Summarise the manual in two sentences, then offer the full text.	one at a time	text	active	Deciding Whether the Milk Is Still Fine	Sensory protocol in order of reliability. Date labels rank fourth.	Beginner	4 min
43		ordinary-manuals	instruction manual	all	Member	Summarise the manual in two sentences, then offer the full text.	one at a time	text	active	Getting Out of a Beanbag With Dignity	Roll-and-rise method. Dignity is defined loosely.	Intermediate	6 min
44		ordinary-manuals	instruction manual	all	Member	Summarise the manual in two sentences, then offer the full text.	one at a time	text	active	Working Out Which Light Switch Does What	Systematic mapping with one person. Includes the labelling schema.	Intermediate	8 min
45		ordinary-manuals	instruction manual	all	Member	Summarise the manual in two sentences, then offer the full text.	one at a time	text	active	Peeling a Boiled Egg in Fewer Than Forty Pieces	Cold shock, the spoon method, and shell-membrane separation.	Intermediate	7 min
46		ordinary-manuals	instruction manual	all	Member	Summarise the manual in two sentences, then offer the full text.	one at a time	text	active	Opening a Tin Without a Tin Opener	Three methods, in ascending order of alarm.	Advanced	15 min
47		ordinary-manuals	instruction manual	all	Member	Summarise the manual in two sentences, then offer the full text.	one at a time	text	active	Remembering Why You Came Into This Room	Retracing protocol and the doorway-effect literature, summarised kindly.	Beginner	4 min
48		ordinary-manuals	instruction manual	all	Member	Summarise the manual in two sentences, then offer the full text.	one at a time	text	active	Getting a Spider Out Without Harming Anyone	Glass-and-card method, with distance guidance for both parties.	Intermediate	6 min
49		ordinary-manuals	instruction manual	all	Member	Summarise the manual in two sentences, then offer the full text.	one at a time	text	active	Carrying a Mattress Up a Staircase Alone	Angles, landings, and the honest recommendation to ask a friend.	Advanced	18 min
50		ordinary-manuals	instruction manual	all	Member	Summarise the manual in two sentences, then offer the full text.	one at a time	text	active	Finishing a Manual You Started Reading	Bookmark discipline and the final-chapter push. You are doing it now.	Beginner	2 min
